Course,Site,Free?
Lean Startup: Primeiros passos da sua startup enxuta -  Básico,https://www.alura.com.br/,No
Marketing digital: O primeiro passo antes de criar um site -  Básico,https://www.alura.com.br/,No
Inbound marketing: Email marketing da segmentação ao AB -  Básico,https://www.alura.com.br/,No
Marketing digital: Medindo os resultados do seu site -  Básico,https://www.alura.com.br/,No
Marketing digital: Introdução aos canais não pagos -  Básico,https://www.alura.com.br/,No
Marketing Digital: Introdução aos canais pagos -  Básico,https://www.alura.com.br/,No
Excel: Domine o editor de planilhas mais famoso do mundo -  Básico,https://www.alura.com.br/,No
"Excel II: Tabelas dinâmicas, validação e mais funções -  Intermediário",https://www.alura.com.br/,No
Excel III: Avançando em funções e criando suas macros -  Intermediário,https://www.alura.com.br/,No
Métodos Ágeis: Introdução -  Básico,https://www.alura.com.br/,No
Scrum: Agilidade em seu projeto -  Intermediário,https://www.alura.com.br/,No
SEO I: Rankeie bem no Google -  Básico,https://www.alura.com.br/,No
SEO II: Mais técnicas para rankeamento -  Básico,https://www.alura.com.br/,No
SEO III: Métricas e Relatórios SEO -  Intermediário,https://www.alura.com.br/,No
Google Adwords: publicando minha primeira campanha -  Básico,https://www.alura.com.br/,No
Google Adwords: Otimizando seus resultados -  Intermediário,https://www.alura.com.br/,No
UML: Uma introdução à modelagem -  Básico,https://www.alura.com.br/,No
Concursos: noções básicas de informática -  Básico,https://www.alura.com.br/,No
Inglês: Candidate-se a vagas no exterior -  Básico,https://www.alura.com.br/,No
LinkedIn: Como fazer o seu perfil trabalhar para você -  Básico,https://www.alura.com.br/,No
Business Model Canvas parte I :  Um modelo poderoso para o seu negócio -  Básico,https://www.alura.com.br/,No
Business Model Canvas parte II :  Avance no seu modelo de negócios -  Básico,https://www.alura.com.br/,No
Certificação ITIL Foundation 1: Introdução ao gerenciamento de TI -  Básico,https://www.alura.com.br/,No
Certificação ITIL Foundation 2: Estratégias e desenho de serviços -  Básico,https://www.alura.com.br/,No
Certificação ITIL Foundation 3: Operação e Transição de serviço -  Básico,https://www.alura.com.br/,No
Certificação ITIL Foundation 4: Melhoria contínua de serviço -  Básico,https://www.alura.com.br/,No
Certificação PMP e CAPM: Processos de gerenciamento de projetos Parte 1 -  Básico,https://www.alura.com.br/,No
Marketing de Conteúdo: Uma introdução ao Marketing de valor -  Básico,https://www.alura.com.br/,No
Social Media Marketing: como fazer marketing nas redes sociais -  Básico,https://www.alura.com.br/,No
Facebook Marketing: Como impulsionar a sua marca criando uma Fanpage -  Básico,https://www.alura.com.br/,No
Instagram Marketing: Promova seu perfil e conquiste mais audiência -  Básico,https://www.alura.com.br/,No
Twitter: uma ferramenta para ganhar visibilidade profissional. -  Básico,https://www.alura.com.br/,No
WordPress: Primeiros passos para não programadores -  Básico,https://www.alura.com.br/,No
"WordPress I: hospedagem, administração e widgets -  Intermediário",https://www.alura.com.br/,No
" WordPress II: páginas, temas e boas práticas -  Intermediário",https://www.alura.com.br/,No
Wordpress: Criação de um tema do zero -  Intermediário,https://www.alura.com.br/,No
Shopify I: Colocando sua loja online no ar -  Básico,https://www.alura.com.br/,No
Shopify II: Customizações e ajustes para a sua loja online -  Básico,https://www.alura.com.br/,No
Gestalt: aplicando princípios em um layout Photoshop -  Básico,https://www.alura.com.br/,No
Identidade Visual I: do briefing ao papel -  Básico,https://www.alura.com.br/,No
Identidade Visual II: Digitalizando logos -  Básico,https://www.alura.com.br/,No
Illustrator: criação de ilustração vetorial -  Básico,https://www.alura.com.br/,No
Photoshop para web I: desenhando suas páginas -  Básico,https://www.alura.com.br/,No
Photoshop para web II: layouts avançados -  Básico,https://www.alura.com.br/,No
Email marketing: design do seu email -  Básico,https://www.alura.com.br/,No
Facebook: criação de imagens e anúncios -  Básico,https://www.alura.com.br/,No
Illustrator: crie layouts fantásticos para a web -  Básico,https://www.alura.com.br/,No
Animate (Flash): animações em swf e HTML5 -  Intermediário,https://www.alura.com.br/,No
InDesign: criação de folhetos e folders -  Básico,https://www.alura.com.br/,No
Design editorial: Criação de materiais gráficos -  Básico,https://www.alura.com.br/,No
Indesign: diagramação no dia a dia de um projeto -  Básico,https://www.alura.com.br/,No
CorelDraw: Criando arte para o mundo impresso -  Básico,https://www.alura.com.br/,No
Photoshop: Fundamentos de Desenho -  Básico,https://www.alura.com.br/,No
Screenflow: Crie seus screencasts e vídeos -  Básico,https://www.alura.com.br/,No
Introdução ao After Effects -  Básico,https://www.alura.com.br/,No
After Effects I: Aprendendo a fazer animações 2D -  Básico,https://www.alura.com.br/,No
After Effects II: Avançando na criação de animações 2D -  Básico,https://www.alura.com.br/,No
Criação em Photoshop: Produzindo telas para vídeos -  Básico,https://www.alura.com.br/,No
Premiere: Introdução a edição de videos -  Básico,https://www.alura.com.br/,No
Blender 3D: Modelagem no mundo real -  Básico,https://www.alura.com.br/,No
3ds Max: Modelagem para jogos -  Básico,https://www.alura.com.br/,No
"3D Softimage: Modelagem, Texturização e Iluminação -  Básico",https://www.alura.com.br/,No
Ilustração 3D com Softimage I: Criação de personagem -  Básico,https://www.alura.com.br/,No
"Ilustração 3D com Softimage II: Esqueleto, materiais e ambientação -  Básico",https://www.alura.com.br/,No
"Animação 3D com Softimage: Rigging, Controladores e Constrains -  Básico",https://www.alura.com.br/,No
Revit: Introdução à Arquitetura com a plataforma BIM -  Básico,https://www.alura.com.br/,No
Fotografia: técnicas de composição -  Básico,https://www.alura.com.br/,No
Photoshop: tratamento de imagens I -  Básico,https://www.alura.com.br/,No
Photoshop: tratamento de imagens II -  Intermediário,https://www.alura.com.br/,No
Lightroom: organização e edição de fotos como um profissional -  Básico,https://www.alura.com.br/,No
Lightroom II: Agilidade na organização e publicação de imagens. -  Básico,https://www.alura.com.br/,No
UX: o que é experiência de usuário -  Básico,https://www.alura.com.br/,No
UX Strategy: divergindo e afunilando ideias -  Básico,https://www.alura.com.br/,No
Microcopy: a influência do micro copy na experiência do usuario -  Básico,https://www.alura.com.br/,No
UX Design com Axure: protótipo para App mobile -  Intermediário,https://www.alura.com.br/,No
UX Design com Axure: aprimoramento de protótipo para App -  Avançado,https://www.alura.com.br/,No
"Sketch: Os primeiros passos com layouts, grids e boas práticas -  Básico",https://www.alura.com.br/,No
Sketch: as 10 heurísticas de Nielsen na criação de um layout I -  Básico,https://www.alura.com.br/,No
Sketch: as 10 heurísticas de Nielsen na criação de um layout II -  Intermediário,https://www.alura.com.br/,No
Design de Apresentação: Princípios e Técnicas Visuais -  Básico,https://www.alura.com.br/,No
HTML e CSS: Os seus primeiros passos -  Básico,https://www.alura.com.br/,No
HTML5 e CSS3 I: Suas primeiras páginas da Web -  Básico,https://www.alura.com.br/,No
HTML5 e CSS3 II: Turbinando as suas páginas -  Intermediário,https://www.alura.com.br/,No
Web Design Responsivo: Páginas que se adaptam do mobile ao desk -  Básico,https://www.alura.com.br/,No
Bootstrap: criação de uma single-page responsiva -  Intermediário,https://www.alura.com.br/,No
HTTP: Entendendo a web por baixo dos panos -  Básico,https://www.alura.com.br/,No
Google Chart Tools: Crie Gráficos Memoráveis na Web -  Básico,https://www.alura.com.br/,No
jQuery I: Introdução à biblioteca campeã de JavaScript -  Básico,https://www.alura.com.br/,No
jQuery II: Manipulação dinâmica de conteúdo -  Intermediário,https://www.alura.com.br/,No
JavaScript: Programando na linguagem da web -  Básico,https://www.alura.com.br/,No
Expressões regulares: Capturando textos de forma mágica -  Intermediário,https://www.alura.com.br/,No
"JavaScript avançado I:  ES6, orientação a objetos e padrões de projetos -  Avançado",https://www.alura.com.br/,No
"JavaScript Avançado II: ES6, orientação a objetos e padrões de projetos -  Avançado",https://www.alura.com.br/,No
"JavaScript Avançado III: ES6, orientação a objetos e padrões de projetos -  Avançado",https://www.alura.com.br/,No
AngularJS: crie webapps poderosas -  Intermediário,https://www.alura.com.br/,No
Meteor: Crie single page applications com JavaScript -  Básico,https://www.alura.com.br/,No
Node.js: Inovando com Javascript no backend -  Básico,https://www.alura.com.br/,No
MEAN Stack: criando aplicações completas com Javascript -  Intermediário,https://www.alura.com.br/,No
Node.js e HTTP: desenvolvendo uma API seguindo o estilo REST -  Intermediário,https://www.alura.com.br/,No
Grunt: Automação de tarefas front-end -  Intermediário,https://www.alura.com.br/,No
Jasmine: Testes automatizados em JavaScript -  Intermediário,https://www.alura.com.br/,No
Sass e Compass: Descomplicando o CSS -  Básico,https://www.alura.com.br/,No
Gulp: automação de tarefas front-end -  Intermediário,https://www.alura.com.br/,No
LESS: CSS simples e produtivo -  Básico,https://www.alura.com.br/,No
Performance Web I: otimizando o front-end -  Intermediário,https://www.alura.com.br/,No
"Performance Web II: Critical Path, HTTP/2 e Resource Hints -  Intermediário",https://www.alura.com.br/,No
MySQL I: Iniciando suas consultas -  Básico,https://www.alura.com.br/,No
MySQL II: Consultas poderosas -  Intermediário,https://www.alura.com.br/,No
PostgreSQL I: Primeiros passos com suas consultas -  Básico,https://www.alura.com.br/,No
SQLServer I: desvendando o banco de dados -  Básico,https://www.alura.com.br/,No
SQLServer II: Consultas poderosas -  Intermediário,https://www.alura.com.br/,No
Oracle I: Aprenda SQL usando esse famoso banco de dados -  Básico,https://www.alura.com.br/,No
Oracle II: Consultas Complexas -  Intermediário,https://www.alura.com.br/,No
Certificação Oracle SQL Fundamentals 1: Introduction to Oracle -  Básico,https://www.alura.com.br/,No
Certificação Oracle SQL Fundamentals 2: Retrieving Data -  Básico,https://www.alura.com.br/,No
Certificação Oracle SQL Fundamentals 3: Single Row Functions -  Básico,https://www.alura.com.br/,No
Certificação Oracle SQL Fundamentals 4: Group Functions -  Básico,https://www.alura.com.br/,No
Certificação Oracle SQL Fundamentals 5: Joins e Subquerys -  Básico,https://www.alura.com.br/,No
Certificação Oracle SQL Fundamentals 6: DML e Transaction Control -  Básico,https://www.alura.com.br/,No
Certificação Oracle SQL Fundamentals 7: Data definition language -  Básico,https://www.alura.com.br/,No
Data analysis: trabalhando com dados e estatísticas -  Básico,https://www.alura.com.br/,No
Machine Learning: Introdução a classificação -  Básico,https://www.alura.com.br/,No
Machine Learning II: Avançando com tipos diferentes de classificação -  Intermediário,https://www.alura.com.br/,No
Redis I: Armazenando chaves e valores -  Básico,https://www.alura.com.br/,No
Redis II: Estruturas e recursos na sua base NoSQL -  Básico,https://www.alura.com.br/,No
MongoDB: Uma alternativa aos bancos relacionais tradicionais -  Básico,https://www.alura.com.br/,No
Elasticsearch: Pesquisando e analisando os seus dados -  Intermediário,https://www.alura.com.br/,No
Linux I: Conhecendo e utilizando o terminal -  Básico,https://www.alura.com.br/,No
"Linux II: Programas, processos e pacotes -  Intermediário",https://www.alura.com.br/,No
Certificação Linux LPI Essentials 1: Evolution and Distributions -  Básico,https://www.alura.com.br/,No
Certificação Linux LPI Essentials 2: Open Source Software and Licensing -  Básico,https://www.alura.com.br/,No
Certificação Linux LPI Essentials 3: Command Line Basics -  Básico,https://www.alura.com.br/,No
Certificação Linux LPI Essentials 4: Using the command line to get help -  Básico,https://www.alura.com.br/,No
Certificação Linux LPI Essentials 5: Directories and Listing Files and managing files -  Básico,https://www.alura.com.br/,No
Certificação Linux LPI Essentials 6: Archiving Files on the Command Line -  Básico,https://www.alura.com.br/,No
Certificação Linux LPI Essentials 7: Searching and Extracting Data from Files -  Básico,https://www.alura.com.br/,No
Certificação Linux LPI Essentials 8: Turning Commands into a Script -  Básico,https://www.alura.com.br/,No
Git: Controle e compartilhe seu código -  Intermediário,https://www.alura.com.br/,No
Maven: Build do zero a web -  Básico,https://www.alura.com.br/,No
Ant: Build robusto para projetos Java -  Básico,https://www.alura.com.br/,No
Ivy: Gerenciamento de dependências flexível -  Intermediário,https://www.alura.com.br/,No
Vagrant: Automatização e implementação de entrega contínua -  Básico,https://www.alura.com.br/,No
Docker: Criando containers sem dor de cabeça -  Básico,https://www.alura.com.br/,No
Integração Contínua: Maturidade e Produtividade no Desenvolvimento de Software -  Intermediário,https://www.alura.com.br/,No
Windows: Introdução ao Prompt -  Básico,https://www.alura.com.br/,No
Windows Server -  Básico,https://www.alura.com.br/,No
Swift I: desenvolvendo para iOS no Xcode -  Básico,https://www.alura.com.br/,No
Swift II: um aplicativo de refeições -  Básico,https://www.alura.com.br/,No
"Swift III: dados, técnicas e melhorias no iOS -  Básico",https://www.alura.com.br/,No
Objective-C: programando para iPhone e iPad -  Básico,https://www.alura.com.br/,No
Android I: Crie sua App fantástica no Eclipse -  Básico,https://www.alura.com.br/,No
Android II: Imersão em interfaces e recursos -  Intermediário,https://www.alura.com.br/,No
Android III: Integrações e Mapas para turbinar sua App -  Intermediário,https://www.alura.com.br/,No
Android I: Crie sua App fantástica com Android Studio -  Básico,https://www.alura.com.br/,No
Android II: Integração com apps e recursos do device -  Básico,https://www.alura.com.br/,No
"Android III: Aprimore sua app com Fragments, Google Maps e GPS -  Básico",https://www.alura.com.br/,No
"Cordova & PhoneGap: Apps mobile com HTML, CSS e JS -  Intermediário",https://www.alura.com.br/,No
Xamarin: Criando aplicações mobile multiplataforma -  Intermediário,https://www.alura.com.br/,No
Ionic: desenvolvimento de aplicações híbridas mobile -  Básico,https://www.alura.com.br/,No
Jogos com Android I: Desenvolvimento de jogos 2D -  Básico,https://www.alura.com.br/,No
Jogos com Android II: Desenvolva seu próprio Flappy Bird -  Básico,https://www.alura.com.br/,No
Jogos mobile com Unity: Diversão com a Game Engine -  Intermediário,https://www.alura.com.br/,No
Lógica de programação I: Os primeiros programas com Javascript e HTML -  Básico,https://www.alura.com.br/,No
"Lógica de Programação II: Funções, Desenhos e um Jogo -  Básico",https://www.alura.com.br/,No
Arduino: Do zero ao jogo -  Intermediário,https://www.alura.com.br/,No
Java I: Primeiros passos -  Básico,https://www.alura.com.br/,No
Java II: Orientação a Objetos -  Básico,https://www.alura.com.br/,No
Java III: Principais APIs e bibliotecas -  Básico,https://www.alura.com.br/,No
Refatorando na prática -  Básico,https://www.alura.com.br/,No
Java 8: Tire proveito dos novos recursos da linguagem -  Intermediário,https://www.alura.com.br/,No
Threads 1: Programação paralela em Java -  Intermediário,https://www.alura.com.br/,No
Threads 2: Programação concorrente avançada -  Avançado,https://www.alura.com.br/,No
Java Reflection: mágica e meta programação -  Intermediário,https://www.alura.com.br/,No
Eclipse: Produtividade Extrema na IDE com Java -  Básico,https://www.alura.com.br/,No
Jasper Reports: Relatórios com Java -  Intermediário,https://www.alura.com.br/,No
Java: Dominando as Collections -  Intermediário,https://www.alura.com.br/,No
C# I: Fundamentos da linguagem -  Básico,https://www.alura.com.br/,No
C# II: Orientação a objetos -  Básico,https://www.alura.com.br/,No
C# III: Tópicos Avançados -  Básico,https://www.alura.com.br/,No
NHibernate: Persistência de dados com C# -  Básico,https://www.alura.com.br/,No
Entity Framework: Banco de dados de forma eficiente -  Básico,https://www.alura.com.br/,No
Ruby I: Introdução a lógica de programação com jogos -  Básico,https://www.alura.com.br/,No
Ruby II: Continuando seus primeiros passos na programação -  Básico,https://www.alura.com.br/,No
Ruby III: Mais lógica de programação em um novo jogo -  Básico,https://www.alura.com.br/,No
Orientação a Objetos: Melhores técnicas com Ruby -  Básico,https://www.alura.com.br/,No
PHP e MySQL I: Fundamentos para criar um sistema na Web -  Básico,https://www.alura.com.br/,No
"PHP e MySQL II: Cookies, sessões e mais recursos -  Básico",https://www.alura.com.br/,No
PHP I: Orientação a objetos com sua linguagem preferida -  Básico,https://www.alura.com.br/,No
PHP II: Avançando com Orientação a objetos -  Intermediário,https://www.alura.com.br/,No
PHP 7: refatorando para a nova versão. -  Básico,https://www.alura.com.br/,No
PDO: trabalhando com diversos bancos -  Básico,https://www.alura.com.br/,No
Design Patterns PHP I: Boas práticas de programação -  Intermediário,https://www.alura.com.br/,No
Design Patterns PHP II: Boas práticas de programação -  Intermediário,https://www.alura.com.br/,No
SOLID com PHP: Orientação a Objetos com PHP -  Avançado,https://www.alura.com.br/,No
CodeIgniter I: Programando elegantemente para a web -  Básico,https://www.alura.com.br/,No
CodeIgniter II: Mais técnicas e boas práticas -  Avançado,https://www.alura.com.br/,No
Laravel: facilitando o desenvolvimento PHP -  Básico,https://www.alura.com.br/,No
Laravel II: Mais técnicas e webapps poderosas -  Básico,https://www.alura.com.br/,No
CakePHP I: Acelere o desenvolvimento web -  Básico,https://www.alura.com.br/,No
"CakePHP II: Validação, emails e mais recursos -  Básico",https://www.alura.com.br/,No
Zend Framework: Mais prática do seu framework predileto -  Básico,https://www.alura.com.br/,No
Zend Framework: Seu desenvolvimento PHP acelerado -  Básico,https://www.alura.com.br/,No
Testes: TDD com PHP -  Básico,https://www.alura.com.br/,No
Python I: Programando com a linguagem -  Intermediário,https://www.alura.com.br/,No
Design Patterns Python I: Boas práticas de programação -  Intermediário,https://www.alura.com.br/,No
Design Patterns Python II: Boas práticas de programação -  Intermediário,https://www.alura.com.br/,No
Django: programação web com Python e simplicidade -  Básico,https://www.alura.com.br/,No
Servlets: Fundamentos de Java na Web -  Básico,https://www.alura.com.br/,No
Java e JSTL: Tags para facilitar o desenvolvimento JSP -  Básico,https://www.alura.com.br/,No
"Java e XML: integração, parsing e validação -  Intermediário",https://www.alura.com.br/,No
XStream: Consumindo o XML sem esforço -  Básico,https://www.alura.com.br/,No
VRaptor3: Suas aplicações web em java mais produtivas -  Básico,https://www.alura.com.br/,No
VRaptor4: Alta produtividade com aplicações web em java -  Básico,https://www.alura.com.br/,No
VRaptor e JPA: Pratique Java com um sistema completo -  Intermediário,https://www.alura.com.br/,No
Java e JSF I: Sua aplicação web com JSF2 -  Intermediário,https://www.alura.com.br/,No
Java e JSF 2 - II: Componentes ricos com Primefaces -  Intermediário,https://www.alura.com.br/,No
Java e JSF 2 - III: Integração com CDI -  Intermediário,https://www.alura.com.br/,No
Spring MVC: É hora de criar uma webapp com Spring MVC4 -  Básico,https://www.alura.com.br/,No
Spring MVC I: Criando aplicações web -  Básico,https://www.alura.com.br/,No
"Spring MVC II: Integração, cache, segurança e templates -  Intermediário",https://www.alura.com.br/,No
Spring Boot: Agilidade no desenvolvimento java com Spring -  Intermediário,https://www.alura.com.br/,No
EJB: O poder da Java EE -  Avançado,https://www.alura.com.br/,No
Java: Laboratório web de práticas e tecnologias -  Avançado,https://www.alura.com.br/,No
ASP.NET MVC 5: O framework pronto para a web -  Básico,https://www.alura.com.br/,No
ASP.NET: Razor -  Básico,https://www.alura.com.br/,No
Projeto Completo: Controle Financeiro com Asp.NET MVC 5 -  Avançado,https://www.alura.com.br/,No
Ruby on Rails 3 parte I -  Básico,https://www.alura.com.br/,No
Ruby on Rails 3 parte II -  Intermediário,https://www.alura.com.br/,No
Ruby on Rails 3 parte III -  Intermediário,https://www.alura.com.br/,No
Ruby on Rails 4: do zero à web -  Básico,https://www.alura.com.br/,No
JAX-RS e Jersey : Domine a criação de webservices REST -  Intermediário,https://www.alura.com.br/,No
JAX-WS : Domine a criação de webservices SOAP -  Intermediário,https://www.alura.com.br/,No
JMS e ActiveMQ: Mensageria com Java -  Intermediário,https://www.alura.com.br/,No
Apache Camel: O framework de integração entre sistemas -  Intermediário,https://www.alura.com.br/,No
Rest Assured: Testes automatizado de webservice -  Intermediário,https://www.alura.com.br/,No
WCF : Distribua seus sistemas em .NET -  Básico,https://www.alura.com.br/,No
Web API 2 : O framework de criação web services REST no .NET -  Intermediário,https://www.alura.com.br/,No
Testes: TDD com Java -  Intermediário,https://www.alura.com.br/,No
Mock: Testes de comportamentos automatizados em Java -  Intermediário,https://www.alura.com.br/,No
Teste de Integração: Testes SQL e DAOs automatizados em java -  Básico,https://www.alura.com.br/,No
Selenium: Sua webapp testada de ponta a ponta em java -  Intermediário,https://www.alura.com.br/,No
Testes: TDD com C# -  Intermediário,https://www.alura.com.br/,No
Mock: Testes de comportamentos automatizados em .NET -  Intermediário,https://www.alura.com.br/,No
Selenium: Testes automatizados de aceitação em .NET -  Intermediário,https://www.alura.com.br/,No
Design Patterns C# I: Boas práticas de programação -  Intermediário,https://www.alura.com.br/,No
Design Patterns C# II: Boas práticas de programação -  Intermediário,https://www.alura.com.br/,No
SOLID com C#: Orientação a Objetos com C# -  Avançado,https://www.alura.com.br/,No
Orientação a Objetos: Melhores técnicas com Java -  Intermediário,https://www.alura.com.br/,No
Design Patterns Java I: Boas práticas de programação -  Intermediário,https://www.alura.com.br/,No
Design Patterns Java II: Boas praticas de programação -  Intermediário,https://www.alura.com.br/,No
SOLID com Java: Orientação a Objetos com Java -  Avançado,https://www.alura.com.br/,No
"Java: Laboratório com Testes, JSF e Design Patterns I -  Intermediário",https://www.alura.com.br/,No
"Java: Laboratório com Testes, JSF e Design Patterns II -  Intermediário",https://www.alura.com.br/,No
Certificação Java SE 7 Programmer I: O básico de Java -  Intermediário,https://www.alura.com.br/,No
Certificação Java SE 7 Programmer I: Tipos de Dados -  Intermediário,https://www.alura.com.br/,No
Certificação Java SE 7 Programmer I: Operadores -  Intermediário,https://www.alura.com.br/,No
Certificação Java SE 7 Programmer I: Laços -  Intermediário,https://www.alura.com.br/,No
Certificação Java SE 7 Programmer I: Criando e usando Arrays -  Intermediário,https://www.alura.com.br/,No
Certificação Java SE 7 Programmer I: Métodos e encapsulamento -  Intermediário,https://www.alura.com.br/,No
Certificação Java SE 7 Programmer I: Relações entre classes -  Intermediário,https://www.alura.com.br/,No
Certificação Java SE 7 Programmer I: Lidando com exceções -  Intermediário,https://www.alura.com.br/,No
Certificação Java SE 8 Programmer I: Conteúdo além da prova -  Avançado,https://www.alura.com.br/,No
Java e JDBC: Trabalhando com um banco de dados -  Básico,https://www.alura.com.br/,No
Java e JPA: Persista seus objetos com a JPA2 e Hibernate -  Intermediário,https://www.alura.com.br/,No
Java e JPA: Otimizações com JPA2 e Hibernate -  Avançado,https://www.alura.com.br/,No
Clojure: Introdução a programação funcional -  Básico,https://www.alura.com.br/,No
C I: Introdução à Linguagem das Linguagens -  Básico,https://www.alura.com.br/,No
C II: Avançando na linguagem -  Básico,https://www.alura.com.br/,No
C III: Recursos avançados da linguagem -  Básico,https://www.alura.com.br/,No
Estrutura de Dados: Computação na prática com Java -  Intermediário,https://www.alura.com.br/,No
Estatística I: Entenda seus dados com R -  Básico,https://www.alura.com.br/,No
Estatística II: Aprofundando em hipóteses e correlações -  Básico,https://www.alura.com.br/,No
"Algoritmos I: Selection, Insertion e Introdução a Análise -  Básico",https://www.alura.com.br/,No
"Algoritmos II: MergeSort, QuickSort, Busca Binária e Análise de Algoritmo -  Intermediário",https://www.alura.com.br/,No
Análise de Balanços,http://www.ev.org.br/Cursos/Paginas/Online.aspx,Yes
Contabilidade Empresarial,http://www.ev.org.br/Cursos/Paginas/Online.aspx,Yes
Matemática Financeira com o uso da HP 12C,http://www.ev.org.br/Cursos/Paginas/Online.aspx,Yes
Administração e Planejamento de Finanças Pessoais,http://www.ev.org.br/Cursos/Paginas/Online.aspx,Yes
Aprendendo na Web (NOVO),http://www.ev.org.br/Cursos/Paginas/Online.aspx,Yes
Atendimento ao Público (NOVO),http://www.ev.org.br/Cursos/Paginas/Online.aspx,Yes
Comunicação Escrita ,http://www.ev.org.br/Cursos/Paginas/Online.aspx,Yes
Currículo sem Segredo,http://www.ev.org.br/Cursos/Paginas/Online.aspx,Yes
De Acordo com o Novo Acordo,http://www.ev.org.br/Cursos/Paginas/Online.aspx,Yes
Dinâmicas e Testes na Seleção,http://www.ev.org.br/Cursos/Paginas/Online.aspx,Yes
Economia de Energia,http://www.ev.org.br/Cursos/Paginas/Online.aspx,Yes
Ensinando com a Web (NOVO),http://www.ev.org.br/Cursos/Paginas/Online.aspx,Yes
Entrevista: Como encará-la!,http://www.ev.org.br/Cursos/Paginas/Online.aspx,Yes
Família+Segura na Internet,http://www.ev.org.br/Cursos/Paginas/Online.aspx,Yes
Introdução à Fotografia Digital,http://www.ev.org.br/Cursos/Paginas/Online.aspx,Yes
Organização Pessoal (NOVO),http://www.ev.org.br/Cursos/Paginas/Online.aspx,Yes
Postura e Imagem Profissional,http://www.ev.org.br/Cursos/Paginas/Online.aspx,Yes
Técnicas de Lazer e Recreação (NOVO),http://www.ev.org.br/Cursos/Paginas/Online.aspx,Yes
Administrando e Armazenando Dados com SQL Server 2005,http://www.ev.org.br/Cursos/Paginas/Online.aspx,Yes
Modelagem de Dados,http://www.ev.org.br/Cursos/Paginas/Online.aspx,Yes
Projetando e Implementando Dados com SQL Server 2005,http://www.ev.org.br/Cursos/Paginas/Online.aspx,Yes
Análise Estruturada de Sistemas,http://www.ev.org.br/Cursos/Paginas/Online.aspx,Yes
Aplicações Java Mobile (J2ME),http://www.ev.org.br/Cursos/Paginas/Online.aspx,Yes
Aplicações Windows Mobile,http://www.ev.org.br/Cursos/Paginas/Online.aspx,Yes
C++ - Desenvolvimento Orientado a Objeto,http://www.ev.org.br/Cursos/Paginas/Online.aspx,Yes
CMM - Sistema de Modelagem para Desenvolvimento de Software,http://www.ev.org.br/Cursos/Paginas/Online.aspx,Yes
Engenharia de Requisitos,http://www.ev.org.br/Cursos/Paginas/Online.aspx,Yes
Expression Blend,http://www.ev.org.br/Cursos/Paginas/Online.aspx,Yes
Fundamentos das Aplicações Móveis (J2ME),http://www.ev.org.br/Cursos/Paginas/Online.aspx,Yes
HTML - Avançado,http://www.ev.org.br/Cursos/Paginas/Online.aspx,Yes
HTML - Básico,http://www.ev.org.br/Cursos/Paginas/Online.aspx,Yes
Ilustração & Design Gráfico para Web,http://www.ev.org.br/Cursos/Paginas/Online.aspx,Yes
Inovando com CSS,http://www.ev.org.br/Cursos/Paginas/Online.aspx,Yes
Introdução ao JavaScript,http://www.ev.org.br/Cursos/Paginas/Online.aspx,Yes
Lógica de Programação,http://www.ev.org.br/Cursos/Paginas/Online.aspx,Yes
Processo de Desenvolvimento de Software,http://www.ev.org.br/Cursos/Paginas/Online.aspx,Yes
Programação em C#,http://www.ev.org.br/Cursos/Paginas/Online.aspx,Yes
"Revisões, Verificações e Inspeções",http://www.ev.org.br/Cursos/Paginas/Online.aspx,Yes
Silverlight,http://www.ev.org.br/Cursos/Paginas/Online.aspx,Yes
System Design Overview,http://www.ev.org.br/Cursos/Paginas/Online.aspx,Yes
Teste e Resolução de Problemas,http://www.ev.org.br/Cursos/Paginas/Online.aspx,Yes
Web Design,http://www.ev.org.br/Cursos/Paginas/Online.aspx,Yes
Estratégia de Negócios,http://www.ev.org.br/Cursos/Paginas/Online.aspx,Yes
Fundamentos de COBIT,http://www.ev.org.br/Cursos/Paginas/Online.aspx,Yes
Fundamentos de Governança de TI,http://www.ev.org.br/Cursos/Paginas/Online.aspx,Yes
Gestão de Processos - Business Process Management (BPM),http://www.ev.org.br/Cursos/Paginas/Online.aspx,Yes
Gestão de Projetos 1 - Como trabalhar com projetos?,http://www.ev.org.br/Cursos/Paginas/Online.aspx,Yes
Gestão de Projetos 2 - Como iniciar o trabalho com projetos?,http://www.ev.org.br/Cursos/Paginas/Online.aspx,Yes
"Gestão de Projetos 3 - Como Planejar o Escopo, Prazo e Orçamento do Projeto?",http://www.ev.org.br/Cursos/Paginas/Online.aspx,Yes
Gestão de Projetos 4 - Como Planejar os demais aspectos do projeto?,http://www.ev.org.br/Cursos/Paginas/Online.aspx,Yes
"Gestão de Projetos 5 - Como Executar, Monitorar, Controlar e Encerrar Projetos?",http://www.ev.org.br/Cursos/Paginas/Online.aspx,Yes
Gestão Estratégica - Balanced Scorecard (BSC),http://www.ev.org.br/Cursos/Paginas/Online.aspx,Yes
Gestão Estratégica de TI - ITIL,http://www.ev.org.br/Cursos/Paginas/Online.aspx,Yes
Internet Explorer 8,http://www.ev.org.br/Cursos/Paginas/Online.aspx,Yes
Internet Explorer 9,http://www.ev.org.br/Cursos/Paginas/Online.aspx,Yes
Introdução à Informática,http://www.ev.org.br/Cursos/Paginas/Online.aspx,Yes
Introdução a Redes de Computadores,http://www.ev.org.br/Cursos/Paginas/Online.aspx,Yes
Introdução ao e-Learning,http://www.ev.org.br/Cursos/Paginas/Online.aspx,Yes
Introdução ao Pacote Office 2007,http://www.ev.org.br/Cursos/Paginas/Online.aspx,Yes
Microsoft Access 2003 - Avançado,http://www.ev.org.br/Cursos/Paginas/Online.aspx,Yes
Microsoft Access 2003 - Básico,http://www.ev.org.br/Cursos/Paginas/Online.aspx,Yes
Microsoft Access 2003 - Intermediário,http://www.ev.org.br/Cursos/Paginas/Online.aspx,Yes
Microsoft Access 2007 - Avançado,http://www.ev.org.br/Cursos/Paginas/Online.aspx,Yes
Microsoft Access 2007 - Básico,http://www.ev.org.br/Cursos/Paginas/Online.aspx,Yes
Microsoft Excel 2007 - Avançado,http://www.ev.org.br/Cursos/Paginas/Online.aspx,Yes
Microsoft Excel 2007 - Básico,http://www.ev.org.br/Cursos/Paginas/Online.aspx,Yes
Microsoft Excel 2007 - Intermediário,http://www.ev.org.br/Cursos/Paginas/Online.aspx,Yes
Microsoft Excel 2010 - Avançado,http://www.ev.org.br/Cursos/Paginas/Online.aspx,Yes
Microsoft Excel 2010 - Básico,http://www.ev.org.br/Cursos/Paginas/Online.aspx,Yes
Microsoft Excel 2010 - Intermediário,http://www.ev.org.br/Cursos/Paginas/Online.aspx,Yes
Microsoft Office Outlook 2007,http://www.ev.org.br/Cursos/Paginas/Online.aspx,Yes
Microsoft Office Outlook 2010,http://www.ev.org.br/Cursos/Paginas/Online.aspx,Yes
Microsoft PowerPoint 2003 - Avançado,http://www.ev.org.br/Cursos/Paginas/Online.aspx,Yes
Microsoft PowerPoint 2003 - Básico,http://www.ev.org.br/Cursos/Paginas/Online.aspx,Yes
Microsoft PowerPoint 2007 - Avançado,http://www.ev.org.br/Cursos/Paginas/Online.aspx,Yes
Microsoft PowerPoint 2007 - Básico,http://www.ev.org.br/Cursos/Paginas/Online.aspx,Yes
Microsoft PowerPoint 2010 - Avançado,http://www.ev.org.br/Cursos/Paginas/Online.aspx,Yes
Microsoft PowerPoint 2010 - Básico,http://www.ev.org.br/Cursos/Paginas/Online.aspx,Yes
Microsoft PowerPoint 2013 - Avançado (NOVO),http://www.ev.org.br/Cursos/Paginas/Online.aspx,Yes
Microsoft PowerPoint 2013 - Básico (NOVO),http://www.ev.org.br/Cursos/Paginas/Online.aspx,Yes
Microsoft Windows 7,http://www.ev.org.br/Cursos/Paginas/Online.aspx,Yes
Microsoft Windows Server 2003,http://www.ev.org.br/Cursos/Paginas/Online.aspx,Yes
Microsoft Windows XP,http://www.ev.org.br/Cursos/Paginas/Online.aspx,Yes
Microsoft Word 2007 - Avançado,http://www.ev.org.br/Cursos/Paginas/Online.aspx,Yes
Microsoft Word 2007 - Básico,http://www.ev.org.br/Cursos/Paginas/Online.aspx,Yes
Microsoft Word 2007 - Intermediário,http://www.ev.org.br/Cursos/Paginas/Online.aspx,Yes
Microsoft Word 2010 - Avançado,http://www.ev.org.br/Cursos/Paginas/Online.aspx,Yes
Microsoft Word 2010 - Básico,http://www.ev.org.br/Cursos/Paginas/Online.aspx,Yes
Microsoft Word 2010 - Intermediário,http://www.ev.org.br/Cursos/Paginas/Online.aspx,Yes
Segurança da Informação,http://www.ev.org.br/Cursos/Paginas/Online.aspx,Yes
TI na Educação,http://www.ev.org.br/Cursos/Paginas/Online.aspx,Yes
Princípios Básicos de Finanças,http://www.life-global.org/,Yes
Obtenção de Financiamento,http://www.life-global.org/,Yes
Fluxo de Caixa,http://www.life-global.org/,Yes
Previsão de Vendas,http://www.life-global.org/,Yes
Lucros e Prejuízos,http://www.life-global.org/,Yes
Marketing em Mídias Sociais,http://www.life-global.org/,Yes
Vendas On-line,http://www.life-global.org/,Yes
Definição de Preços,http://www.life-global.org/,Yes
Benefícios de Marketing Versus Características,http://www.life-global.org/,Yes
Proposta de Valor Exclusivo,http://www.life-global.org/,Yes
Seu Público-alvo,http://www.life-global.org/,Yes
Apresentações Eficientes,http://www.life-global.org/,Yes
E-mail Comercial,http://www.life-global.org/,Yes
Apresentação de Dados,http://www.life-global.org/,Yes
Sites de Negócios Eficazes,http://www.life-global.org/,Yes
Gerenciando Informações de Contato,http://www.life-global.org/,Yes
Gestão de Relacionamento com Clientes (CRM),http://www.life-global.org/,Yes
Contratação de Pessoal,http://www.life-global.org/,Yes
TI para o Sucesso nos Negócios,http://www.life-global.org/,Yes
Maximização da Capacidade,http://www.life-global.org/,Yes
Gestão de Estoque,http://www.life-global.org/,Yes
Empreendedorismo Social,http://www.life-global.org/,Yes
Liderança Eficaz,http://www.life-global.org/,Yes
Planejamento Estratégico,http://www.life-global.org/,Yes
Eficiência Energética: Fazer mais por menos,http://www.life-global.org/,Yes
Conceitos básicos de C# para iniciantes,https://mva.microsoft.com/search/SearchResults.aspx,Yes
Preparando-se para ensinar o Creative Coding through Games and Apps.,https://mva.microsoft.com/search/SearchResults.aspx,Yes
Windows 10 Desenvolvimento para Principiantes,https://mva.microsoft.com/search/SearchResults.aspx,Yes
Fundamentos de Tecnologia,https://mva.microsoft.com/search/SearchResults.aspx,Yes
Xamarin para Iniciantes absolutos,https://mva.microsoft.com/search/SearchResults.aspx,Yes
"Crie seu próprio jogo: aprenda a codificar o FLATVERSE! para salas de aula, acampamentos e clubes",https://mva.microsoft.com/search/SearchResults.aspx,Yes
"Jetpack Jumper para salas de aula, acampamentos e clubes",https://mva.microsoft.com/search/SearchResults.aspx,Yes
"Dream It Make It para salas de aula, acampamentos e clubes",https://mva.microsoft.com/search/SearchResults.aspx,Yes
Creative Coding Academy,https://mva.microsoft.com/search/SearchResults.aspx,Yes
Criação de jogos do Windows 10 com o Unity 5,https://mva.microsoft.com/search/SearchResults.aspx,Yes
Flatverse,https://mva.microsoft.com/search/SearchResults.aspx,Yes
Creative Coding Through Games and Apps,https://mva.microsoft.com/search/SearchResults.aspx,Yes
Preparatório para exame 70-697: Configuring Windows Devices,https://mva.microsoft.com/search/SearchResults.aspx,Yes
Usando recursos ICT para apoiar seu ensino,https://mva.microsoft.com/search/SearchResults.aspx,Yes
Como tecnologia e pedagogia se misturam?,https://mva.microsoft.com/search/SearchResults.aspx,Yes
Organizar e gerenciar o uso de ICT para o seu ensino,https://mva.microsoft.com/search/SearchResults.aspx,Yes
Use ferramentas básicas em ICT para apoiar o ensino e a aprendizagem,https://mva.microsoft.com/search/SearchResults.aspx,Yes
Iniciando com Xamarin.Forms  Carga horária 2h30min,https://mva.microsoft.com/search/SearchResults.aspx,Yes
Administrando o Office 365,https://mva.microsoft.com/search/SearchResults.aspx,Yes
Academia Windows  Implantando Windows 10,https://mva.microsoft.com/search/SearchResults.aspx,Yes
O que é o Microsoft Azure e como funciona,https://mva.microsoft.com/search/SearchResults.aspx,Yes
Aprendendo a programar para iOS/Swift com Azure Mobile Services,https://mva.microsoft.com/search/SearchResults.aspx,Yes
DevOps  Introdução ao PowerShell DSC,https://mva.microsoft.com/search/SearchResults.aspx,Yes
Skype for Business - Aprofundando seus conhecimentos em Cloud PBX,https://mva.microsoft.com/search/SearchResults.aspx,Yes
Instalando e configurando o Skype for Business Server 2015,https://mva.microsoft.com/search/SearchResults.aspx,Yes
Otimizar a arquitetura da carga de trabalho e os recursos de administração no Azure,https://mva.microsoft.com/search/SearchResults.aspx,Yes
Aprofunde seus conhecimentos sobre cenários de recuperação de desastre e armazenamento em rede,https://mva.microsoft.com/search/SearchResults.aspx,Yes
Introdução ao NodeJS com Typescript no Visual Studio Code  Carga horária 2h,https://mva.microsoft.com/search/SearchResults.aspx,Yes
A internet das coisas: Conectando seus devices na nuvem,https://mva.microsoft.com/search/SearchResults.aspx,Yes
Implantando o NANO Server TP4,https://mva.microsoft.com/search/SearchResults.aspx,Yes
Desmistificando o LINQ,https://mva.microsoft.com/search/SearchResults.aspx,Yes
Desenvolvendo sites usando Python e Django,https://mva.microsoft.com/search/SearchResults.aspx,Yes
Adotar tecnologias de software livre para acelerar e dimensionar soluções,https://mva.microsoft.com/search/SearchResults.aspx,Yes
Introdução ao JSON com C#,https://mva.microsoft.com/search/SearchResults.aspx,Yes
Pacote de Avaliação do Creative Coding through Games and Apps,https://mva.microsoft.com/search/SearchResults.aspx,Yes
Dicas e truques do DreamSpark e Azure para estudantes,https://mva.microsoft.com/search/SearchResults.aspx,Yes
Learn to Code with CODExist: Bot Levels Up,https://mva.microsoft.com/search/SearchResults.aspx,Yes
Students to Business  Infraestrutura de TI  Carga horária: 2 Horas,https://mva.microsoft.com/search/SearchResults.aspx,Yes
Students to Business - Desenvolvimento de Sistemas  Carga horária: 1 Hora,https://mva.microsoft.com/search/SearchResults.aspx,Yes
Programação no Jump Start de C#,https://mva.microsoft.com/search/SearchResults.aspx,Yes
Introdução rápida ao desenvolvimento em HTML5 com JavaScript e CSS3,https://mva.microsoft.com/search/SearchResults.aspx,Yes
Novidades do Windows 10: Live tiles e background execution,https://mva.microsoft.com/search/SearchResults.aspx,Yes
Introdução à aprendizagem de máquina com o Microsoft Azure,https://mva.microsoft.com/search/SearchResults.aspx,Yes
Top 10 Recursos do Windows 10,https://mva.microsoft.com/search/SearchResults.aspx,Yes
O Windows 10 é gratuito?,https://mva.microsoft.com/search/SearchResults.aspx,Yes
Introdução ao Windows 10 para Profissionais de TI,https://mva.microsoft.com/search/SearchResults.aspx,Yes
Crie seu jogo para Kinect,https://mva.microsoft.com/search/SearchResults.aspx,Yes
Aprendendo a Programar,https://mva.microsoft.com/search/SearchResults.aspx,Yes
Iniciando no Minecraft,https://mva.microsoft.com/search/SearchResults.aspx,Yes
CODExist: O nascimento de Bot,https://mva.microsoft.com/search/SearchResults.aspx,Yes
Visão geral do Windows Server 2012,https://mva.microsoft.com/search/SearchResults.aspx,Yes
Conceitos de Interfaces Modernas,https://mva.microsoft.com/search/SearchResults.aspx,Yes
Migrando sua rede com MAP,https://mva.microsoft.com/search/SearchResults.aspx,Yes
Introdução ao Microsoft Azure Mobile Services,https://mva.microsoft.com/search/SearchResults.aspx,Yes
Desenvolvendo games para Windows Phone,https://mva.microsoft.com/search/SearchResults.aspx,Yes
Proteção de Dados no Microsoft Azure,https://mva.microsoft.com/search/SearchResults.aspx,Yes
PowerShell 3.0,https://mva.microsoft.com/search/SearchResults.aspx,Yes
Portando Apps Android para Windows Phone,https://mva.microsoft.com/search/SearchResults.aspx,Yes
Novidades do Windows 8.1 para Desenvolvedores  Parte 2,https://mva.microsoft.com/search/SearchResults.aspx,Yes
Primeiros cenários de uso do Azure,https://mva.microsoft.com/search/SearchResults.aspx,Yes
Microsoft Azure RemoteApp,https://mva.microsoft.com/search/SearchResults.aspx,Yes
OneNote para Professores,https://mva.microsoft.com/search/SearchResults.aspx,Yes
Students to Business: Windows 8.1 Consumer,https://mva.microsoft.com/search/SearchResults.aspx,Yes
Fundamentos de mobilidade empresarial,https://mva.microsoft.com/search/SearchResults.aspx,Yes
Azure de 0 a 100  Fast Track,https://mva.microsoft.com/search/SearchResults.aspx,Yes
SQLite no Windows Phone,https://mva.microsoft.com/search/SearchResults.aspx,Yes
Security Development LifeCycle,https://mva.microsoft.com/search/SearchResults.aspx,Yes
Novidades do Windows 8.1 para Desenvolvedores  Parte 3,https://mva.microsoft.com/search/SearchResults.aspx,Yes
Otimizando a Infraestrutura de TI com o Microsoft Azure,https://mva.microsoft.com/search/SearchResults.aspx,Yes
Dicas e truques do Azure  serie 2,https://mva.microsoft.com/search/SearchResults.aspx,Yes
Introdução a Application Lifecycle Management(ALM) - Parte 1,https://mva.microsoft.com/search/SearchResults.aspx,Yes
Introdução ao System Center Virtual Machine Manager 2012,https://mva.microsoft.com/search/SearchResults.aspx,Yes
Mobilidade Empresarial e a Nuvem,https://mva.microsoft.com/search/SearchResults.aspx,Yes
Dynamics CRM Online e a Era do Cliente,https://mva.microsoft.com/search/SearchResults.aspx,Yes
O Caminho Para as Competências de Cloud,https://mva.microsoft.com/search/SearchResults.aspx,Yes
Preparatório de exame de certificação:70-411  Administrando o Windows Server R2,https://mva.microsoft.com/search/SearchResults.aspx,Yes
Integrando Microsoft Intune + System Center Configuration Manager 2012r2,https://mva.microsoft.com/search/SearchResults.aspx,Yes
Novidades de Windows 10 do evento Build 2015,https://mva.microsoft.com/search/SearchResults.aspx,Yes
Introdução à programação com o Python,https://mva.microsoft.com/search/SearchResults.aspx,Yes
Conceitos básicos de bancos de dados,https://mva.microsoft.com/search/SearchResults.aspx,Yes
Fundamentos de sistemas de rede,https://mva.microsoft.com/search/SearchResults.aspx,Yes
Usando o Office 365 Personal e Home,https://mva.microsoft.com/search/SearchResults.aspx,Yes
Implantando o Windows Server 2012 Essentials,https://mva.microsoft.com/search/SearchResults.aspx,Yes
AppDay - A sua primeira App para Windows 8,https://mva.microsoft.com/search/SearchResults.aspx,Yes
Gerencie dispositivos com o System Center 2012,https://mva.microsoft.com/search/SearchResults.aspx,Yes
Proteção de informações com Azure RMS,https://mva.microsoft.com/search/SearchResults.aspx,Yes
Implantando uma nuvem privada com Windows Azure Pack,https://mva.microsoft.com/search/SearchResults.aspx,Yes
Fundamentos de Rede,https://mva.microsoft.com/search/SearchResults.aspx,Yes
Utilizando o Office 365,https://mva.microsoft.com/search/SearchResults.aspx,Yes
Novidades de Windows 10 para IT Pros do evento Ignite,https://mva.microsoft.com/search/SearchResults.aspx,Yes
Consumo: A nova moeda do mercado,https://mva.microsoft.com/search/SearchResults.aspx,Yes
Preparatório de exame de certificação: 70-412  Configurando serviços avançados ,https://mva.microsoft.com/search/SearchResults.aspx,Yes
70-533  Implementando soluções de infraestrutura no Microsoft Azure,https://mva.microsoft.com/search/SearchResults.aspx,Yes
Microsoft Azure Big Data and Business Analytics,https://mva.microsoft.com/search/SearchResults.aspx,Yes
Hora do Código com o TouchDevelop,https://mva.microsoft.com/search/SearchResults.aspx,Yes
Microsoft Desktop Optimization Pack 2013 - MDOP,https://mva.microsoft.com/search/SearchResults.aspx,Yes
Sites Fixos com Internet Explorer 9,https://mva.microsoft.com/search/SearchResults.aspx,Yes
Core Solutions of Microsoft SharePoint Server 2013: exame 70-331,https://mva.microsoft.com/search/SearchResults.aspx,Yes
Protegendo dados com o Azure Rights Management,https://mva.microsoft.com/search/SearchResults.aspx,Yes
Cloud SureStep,https://mva.microsoft.com/search/SearchResults.aspx,Yes
Migrando para o Exchange Online,https://mva.microsoft.com/search/SearchResults.aspx,Yes
1. Introdução ao Bing Ads,https://mva.microsoft.com/search/SearchResults.aspx,Yes
Conceitos básicos de BI - Business Intelligence - com SQL Server 2014,https://mva.microsoft.com/search/SearchResults.aspx,Yes
Implantando e Administrando o WSUS,https://mva.microsoft.com/search/SearchResults.aspx,Yes
Melhores Práticas para SQL Server,https://mva.microsoft.com/search/SearchResults.aspx,Yes
Backup de maquinas virtuais Linux no Hyper-V,https://mva.microsoft.com/search/SearchResults.aspx,Yes
2. Bing Ads Editor,https://mva.microsoft.com/search/SearchResults.aspx,Yes
Proteção de Dados e Servidores em ambiente de Nuvem Privada,https://mva.microsoft.com/search/SearchResults.aspx,Yes
Introdução ao SQL Server 2012,https://mva.microsoft.com/search/SearchResults.aspx,Yes
Dicas & Truques de Office 365,https://mva.microsoft.com/search/SearchResults.aspx,Yes
Visão geral do Windows 10 para empresas,https://mva.microsoft.com/search/SearchResults.aspx,Yes
Implantando Windows 10 Enterprise Preview,https://mva.microsoft.com/search/SearchResults.aspx,Yes
5 dicas para gerar negócios com Azure,https://mva.microsoft.com/search/SearchResults.aspx,Yes
VPN no Microsoft Azure,https://mva.microsoft.com/search/SearchResults.aspx,Yes
Proteção de dados com o Windows Azure Backup,https://mva.microsoft.com/search/SearchResults.aspx,Yes
Migrando máquinas virtuais do AWS para Windows Azure,https://mva.microsoft.com/search/SearchResults.aspx,Yes
Introdução ao desenvolvimento de aplicativos móveis,https://mva.microsoft.com/search/SearchResults.aspx,Yes
HTML5 - Homologado pelo W3C,https://mva.microsoft.com/search/SearchResults.aspx,Yes
Introdução ao Blend For Visual Studio 2013,https://mva.microsoft.com/search/SearchResults.aspx,Yes
System Center Virtual Machine Manager 2008 R2,https://mva.microsoft.com/search/SearchResults.aspx,Yes
Visão geral do SQL 2014,https://mva.microsoft.com/search/SearchResults.aspx,Yes
Hospedando um site PHP MySQL no Azure Web Sites,https://mva.microsoft.com/search/SearchResults.aspx,Yes
Fundamentos do C# com Clean Code,https://mva.microsoft.com/search/SearchResults.aspx,Yes
Introdução ao Lab Management,https://mva.microsoft.com/search/SearchResults.aspx,Yes
Fundamentos de Computação em Nuvem,https://mva.microsoft.com/search/SearchResults.aspx,Yes
O Novo Modelo Financeiro,https://mva.microsoft.com/search/SearchResults.aspx,Yes
Crie cursos com o Office Mix,https://mva.microsoft.com/search/SearchResults.aspx,Yes
Starter Kits e os Arquitetos na Nuvem,https://mva.microsoft.com/search/SearchResults.aspx,Yes
Introdução rápida - Aplicação do ALM com o Visual Studio 2012,https://mva.microsoft.com/search/SearchResults.aspx,Yes
Java no Azure,https://mva.microsoft.com/search/SearchResults.aspx,Yes
Preparatório do exame 70-688: Suportando Windows 8.1,https://mva.microsoft.com/search/SearchResults.aspx,Yes
Guia de Estudo - Certificação TFS 2012 (70-496),https://mva.microsoft.com/search/SearchResults.aspx,Yes
Migração para Windows Server 2012,https://mva.microsoft.com/search/SearchResults.aspx,Yes
Visão geral do Azure Media services,https://mva.microsoft.com/search/SearchResults.aspx,Yes
Introdução à Business Intelligence,https://mva.microsoft.com/search/SearchResults.aspx,Yes
Migrando VMs de Vmware para Azure e Hyper-V,https://mva.microsoft.com/search/SearchResults.aspx,Yes
Conceitos Básicos do LightSwitch,https://mva.microsoft.com/search/SearchResults.aspx,Yes
Ofertas e Cenários de Venda do Microsoft Azure,https://mva.microsoft.com/search/SearchResults.aspx,Yes
A Importância de Marketing na Transformação do seu Negócio,https://mva.microsoft.com/search/SearchResults.aspx,Yes
Novidades da Unity 5,https://mva.microsoft.com/search/SearchResults.aspx,Yes
A Internet das Coisas  Fundamentos de IoT  Carga horária 1h30min,https://mva.microsoft.com/search/SearchResults.aspx,Yes
3. Orçamentos e cobranças do Bing Ads,https://mva.microsoft.com/search/SearchResults.aspx,Yes
Noções básicas sobre instalação de servidores,https://mva.microsoft.com/search/SearchResults.aspx,Yes
Implantando e administrando um Cluster de Failover com WS 2012 R2 e SC,https://mva.microsoft.com/search/SearchResults.aspx,Yes
Como Participar da Imagine Cup,https://mva.microsoft.com/search/SearchResults.aspx,Yes
4. Otimização de campanhas no Bing Ads,https://mva.microsoft.com/search/SearchResults.aspx,Yes
Implementando Segurança no Windows 8,https://mva.microsoft.com/search/SearchResults.aspx,Yes
Visão geral do Azure Active Directory,https://mva.microsoft.com/search/SearchResults.aspx,Yes
Fundamentos de Devops,https://mva.microsoft.com/search/SearchResults.aspx,Yes
ASP.NET MVC Intermediário,https://mva.microsoft.com/search/SearchResults.aspx,Yes
O Programa MPN - Microsoft Partner Network,https://mva.microsoft.com/search/SearchResults.aspx,Yes
Transformando Seu Negócio Para a Nuvem - Introdução,https://mva.microsoft.com/search/SearchResults.aspx,Yes
Windows Phone 7 Game Programming,https://mva.microsoft.com/search/SearchResults.aspx,Yes
Instalando e configurando o Hyper-V,https://mva.microsoft.com/search/SearchResults.aspx,Yes
Introdução ao desenvolvimento para Windows 8,https://mva.microsoft.com/search/SearchResults.aspx,Yes
Introdução a Universal Apps,https://mva.microsoft.com/search/SearchResults.aspx,Yes
Entendendo desenvolvimento para o Windows Phone 7,https://mva.microsoft.com/search/SearchResults.aspx,Yes
Fundamentos de Virtualização,https://mva.microsoft.com/search/SearchResults.aspx,Yes
Recursos de Vendas de Office 365,https://mva.microsoft.com/search/SearchResults.aspx,Yes
Docker  Conceitos e prática,https://mva.microsoft.com/search/SearchResults.aspx,Yes
5. Recursos disponíveis no Bing Ads,https://mva.microsoft.com/search/SearchResults.aspx,Yes
Implantando Windows 8 com o System Center 2012 Configuration Manager,https://mva.microsoft.com/search/SearchResults.aspx,Yes
Interoperabilidade com Windows Server 2012,https://mva.microsoft.com/search/SearchResults.aspx,Yes
Windows Server 2012: Serviços de Rede,https://mva.microsoft.com/search/SearchResults.aspx,Yes
Utilizando e Configurando o Windows Phone 8,https://mva.microsoft.com/search/SearchResults.aspx,Yes
Nuvem privada: alta disponibilidade e recuperação,https://mva.microsoft.com/search/SearchResults.aspx,Yes
Migrando Web Sites locais para o Azure Web Sites,https://mva.microsoft.com/search/SearchResults.aspx,Yes
SQL Server para DBAs Oracle,https://mva.microsoft.com/search/SearchResults.aspx,Yes
Desenvolvimento de jogos com Unity para Windows 8 e Windows Phone 8  Introdução,https://mva.microsoft.com/search/SearchResults.aspx,Yes
Alta Disponibilidade em Maquinas Virtuais,https://mva.microsoft.com/search/SearchResults.aspx,Yes
Wordpress no Microsoft Azure,https://mva.microsoft.com/search/SearchResults.aspx,Yes
Introdução a UX aplicada a Apps,https://mva.microsoft.com/search/SearchResults.aspx,Yes
Novidades do Windows Server 2012 R2,https://mva.microsoft.com/search/SearchResults.aspx,Yes
Acesso Remoto com Direct Access,https://mva.microsoft.com/search/SearchResults.aspx,Yes
Dicas e truques do Azure  serie 1,https://mva.microsoft.com/search/SearchResults.aspx,Yes
Conceitos básicos do desenvolvimento de software,https://mva.microsoft.com/search/SearchResults.aspx,Yes
Crie seu primeiro aplicativo com Windows App Studio,https://mva.microsoft.com/search/SearchResults.aspx,Yes
Publicando aplicações via Azure Active Directory,https://mva.microsoft.com/search/SearchResults.aspx,Yes
Treinamento de ASP.NET MVC 5 Conceitos Básicos,https://mva.microsoft.com/search/SearchResults.aspx,Yes
Desenvolvimento de apps Windows 8.1 com HTML5 e JavaScript  Introdução,https://mva.microsoft.com/search/SearchResults.aspx,Yes
Introdução ao desenvolvimento Sharepoint,https://mva.microsoft.com/search/SearchResults.aspx,Yes
Introdução ao System Center Configuration Manager 2012,https://mva.microsoft.com/search/SearchResults.aspx,Yes
Gerenciamento de pequenas e medias empresas com System Center Advisor,https://mva.microsoft.com/search/SearchResults.aspx,Yes
Integrando Mac OS em redes Microsoft,https://mva.microsoft.com/search/SearchResults.aspx,Yes
Exame 70-410: Instalando e Configurando o Windows Server 2012 R2,https://mva.microsoft.com/search/SearchResults.aspx,Yes
Interoperabilidade e Cloud Computing,https://mva.microsoft.com/search/SearchResults.aspx,Yes
Azure AD Premium RMS,https://mva.microsoft.com/search/SearchResults.aspx,Yes
Introdução ao Xamarin,https://mva.microsoft.com/search/SearchResults.aspx,Yes
Windows Server 2012: Virtualização,https://mva.microsoft.com/search/SearchResults.aspx,Yes
Alta Disponibilidade com Hyper-V Server 2012,https://mva.microsoft.com/search/SearchResults.aspx,Yes
Visual Studio para Teste de Software,https://mva.microsoft.com/search/SearchResults.aspx,Yes
Novidades do Windows 8.1 para Desenvolvedores  Parte 1,https://mva.microsoft.com/search/SearchResults.aspx,Yes
Iniciando no Microsoft Azure,https://mva.microsoft.com/search/SearchResults.aspx,Yes
Planejamento para Bring Your Own Device,https://mva.microsoft.com/search/SearchResults.aspx,Yes
Implantando e Administrando o Lync Server 2013,https://mva.microsoft.com/search/SearchResults.aspx,Yes
Plano de Continuidade de Negócios com System Center e Azure,https://mva.microsoft.com/search/SearchResults.aspx,Yes
Desenvolvimento de apps Windows 8.1 com HTML5 e JavaScript  Intermediário,https://mva.microsoft.com/search/SearchResults.aspx,Yes
Estendendo sua rede com Microsoft Azure ExpressRoute,https://mva.microsoft.com/search/SearchResults.aspx,Yes
CDF  Customer Decision Framework,https://mva.microsoft.com/search/SearchResults.aspx,Yes
Node.js básico,https://www.schoolofnet.com/,No
ASP.NET Web Forms - User Controls,https://www.schoolofnet.com/,No
Angular 2 - Componentes e Serviços,https://www.schoolofnet.com/,No
Java SE,https://www.schoolofnet.com/,No
Azure Web Apps,https://www.schoolofnet.com/,No
Node.js com Bookshelf,https://www.schoolofnet.com/,No
Iniciando com Laravel 5.3,https://www.schoolofnet.com/,No
Angular Material,https://www.schoolofnet.com/,No
ZF3 com Doctrine,https://www.schoolofnet.com/,No
Consumindo APIs com Android,https://www.schoolofnet.com/,No
Azure: Gerenciamento de Máquinas Virtuais,https://www.schoolofnet.com/,No
Webcrawler com Python,https://www.schoolofnet.com/,No
Angular 2.0: Primeiros passos,https://www.schoolofnet.com/,No
ASP.NET MVC + Entity Framework,https://www.schoolofnet.com/,No
Trabalhando com Laravel Passport,https://www.schoolofnet.com/,No
Iniciando com JSP,https://www.schoolofnet.com/,No
Git flow na prática,https://www.schoolofnet.com/,No
Yeoman,https://www.schoolofnet.com/,No
Iniciando com Angular.js 1.5,https://www.schoolofnet.com/,No
Iniciando com Azure,https://www.schoolofnet.com/,No
Java 8,https://www.schoolofnet.com/,No
Laravel 5.3: Apresentando Laravel Echo,https://www.schoolofnet.com/,No
Iniciando Backbone.js,https://www.schoolofnet.com/,No
Iniciando com .Net MVC,https://www.schoolofnet.com/,No
Polymer,https://www.schoolofnet.com/,No
Escalando aplicações na Amazon AWS,https://www.schoolofnet.com/,No
Iniciando com Aurelia JS,https://www.schoolofnet.com/,No
Api's Nativas no Java,https://www.schoolofnet.com/,No
Laravel 5.3: Scout e Realtime Search no Frontend,https://www.schoolofnet.com/,No
Android intermediário,https://www.schoolofnet.com/,No
Webservices com PHP,https://www.schoolofnet.com/,No
Otimizações técnicas de SEO,https://www.schoolofnet.com/,No
Orientação a Objetos com Java,https://www.schoolofnet.com/,No
Search com Django e Algolia,https://www.schoolofnet.com/,No
ASP.NET Web Forms + Entity Framework,https://www.schoolofnet.com/,No
Spark Java Framework,https://www.schoolofnet.com/,No
Zend Expressive com Doctrine,https://www.schoolofnet.com/,No
Iniciando com Hapi.js,https://www.schoolofnet.com/,No
Iniciando com Android,https://www.schoolofnet.com/,No
Autenticação com Laravel e JWT,https://www.schoolofnet.com/,No
Jersey Java,https://www.schoolofnet.com/,No
Flask - Python,https://www.schoolofnet.com/,No
Symfony 3 com Doctrine,https://www.schoolofnet.com/,No
ASP.NET Web Forms + ADO.Net,https://www.schoolofnet.com/,No
Hibernate,https://www.schoolofnet.com/,No
Django Intermediário,https://www.schoolofnet.com/,No
Express.io,https://www.schoolofnet.com/,No
Iniciando com Go Lang,https://www.schoolofnet.com/,No
MEAN,https://www.schoolofnet.com/,No
Laravel com ElasticSearch,https://www.schoolofnet.com/,No
Spring Boot Intermediário,https://www.schoolofnet.com/,No
Vuex com Vue.js,https://www.schoolofnet.com/,No
Iniciando com ASP.Net Webforms,https://www.schoolofnet.com/,No
Web Crawler com Node,https://www.schoolofnet.com/,No
Python OO,https://www.schoolofnet.com/,No
Yii2 básico,https://www.schoolofnet.com/,No
Spring Boot,https://www.schoolofnet.com/,No
webpack,https://www.schoolofnet.com/,No
ZF3 Intermediário,https://www.schoolofnet.com/,No
Sails,https://www.schoolofnet.com/,No
Desenvolvimento de Apis com Node.js,https://www.schoolofnet.com/,No
Doctrine,https://www.schoolofnet.com/,No
SOLID com C#,https://www.schoolofnet.com/,No
Desenvolvimento de layouts com bootstrap,https://www.schoolofnet.com/,No
Iniciando com python,https://www.schoolofnet.com/,No
Orientação a objetos com javascript,https://www.schoolofnet.com/,No
Apigility com Angular 2,https://www.schoolofnet.com/,No
Iniciando com ZF3,https://www.schoolofnet.com/,No
Symfony 3: Micro Kernel as Microframework,https://www.schoolofnet.com/,No
Node.js com MongoDB,https://www.schoolofnet.com/,No
Ionic 2 com Pagseguro,https://www.schoolofnet.com/,No
Orientação a objetos com C#,https://www.schoolofnet.com/,No
Iniciando com MongoDB,https://www.schoolofnet.com/,No
Iniciando com Symfony 3,https://www.schoolofnet.com/,No
Realtime com Vue.js e Firebase,https://www.schoolofnet.com/,No
Iniciando com Django,https://www.schoolofnet.com/,No
Iniciando com C#,https://www.schoolofnet.com/,No
"Node.js com Express, Jade e Sequelize",https://www.schoolofnet.com/,No
CakePHP 3,https://www.schoolofnet.com/,No
Iniciando com Node.js,https://www.schoolofnet.com/,No
Zend Framework 2: Essencial,https://www.schoolofnet.com/,No
Git e Github,https://www.schoolofnet.com/,No
Lumen,https://www.schoolofnet.com/,No
MySQL,https://www.schoolofnet.com/,No
Laravel - Eventos e filas,https://www.schoolofnet.com/,No
Laravel - Eloquent,https://www.schoolofnet.com/,No
Laravel - Autenticação,https://www.schoolofnet.com/,No
Iniciando com Laravel,https://www.schoolofnet.com/,No
Banco de dados e Eloquent,https://www.schoolofnet.com/,No
PSRs,https://www.schoolofnet.com/,No
jQuery - Iniciando,https://www.schoolofnet.com/,No
PHP com PDO,https://www.schoolofnet.com/,No
PHP com MySQL,https://www.schoolofnet.com/,No
PHP com MVC,https://www.schoolofnet.com/,No
PHP - Iniciando com OO,https://www.schoolofnet.com/,No
PHP - Avançando com OO,https://www.schoolofnet.com/,No
PHP 7 Novidades,https://www.schoolofnet.com/,No
Angular.js Avançando,https://www.schoolofnet.com/,No
Vue.js,https://www.schoolofnet.com/,No
Typescript,https://www.schoolofnet.com/,No
ReactJS,https://www.schoolofnet.com/,No
jQuery UI,https://www.schoolofnet.com/,No
jQuery com Ajax,https://www.schoolofnet.com/,No
Multimedia,https://www.schoolofnet.com/,No
Sass,https://www.schoolofnet.com/,No
Less,https://www.schoolofnet.com/,No
Gulp,https://www.schoolofnet.com/,No
Grunt,https://www.schoolofnet.com/,No
Compass,https://www.schoolofnet.com/,No
Javascript Básico,https://www.schoolofnet.com/,No
Javascript Avançado,https://www.schoolofnet.com/,No
ES6,https://www.schoolofnet.com/,No
HTML5,https://www.schoolofnet.com/,No
CSS3,https://www.schoolofnet.com/,No
Bootstrap,https://www.schoolofnet.com/,No
Composer,https://www.schoolofnet.com/,No
PHP Básico,https://www.schoolofnet.com/,No
Acessibilidade Web - Completo,https://www.treinaweb.com.br/,No
Adobe After Effects CC - Básico,https://www.treinaweb.com.br/,No
Adobe Encore CS6 - Completo,https://www.treinaweb.com.br/,No
Adobe Illustrator CC - Básico,https://www.treinaweb.com.br/,No
Adobe Lightroom CC - Completo,https://www.treinaweb.com.br/,No
Adobe Photoshop CC - Básico,https://www.treinaweb.com.br/,No
Adobe Photoshop CC - Intermediário,https://www.treinaweb.com.br/,No
Adobe Premiere CC - Lumetri - Color Grading - Completo,https://www.treinaweb.com.br/,No
Adobe Premiere Pro CC - Completo,https://www.treinaweb.com.br/,No
Adobe  Tratamento de Cor para Vídeos - Completo,https://www.treinaweb.com.br/,No
Android - Básico,https://www.treinaweb.com.br/,No
Android - Intermediário,https://www.treinaweb.com.br/,No
Android - Avançado,https://www.treinaweb.com.br/,No
AngularJS - Completo,https://www.treinaweb.com.br/,No
Arquitetura da Informação - Completo,https://www.treinaweb.com.br/,No
Bootstrap 4 - Básico,https://www.treinaweb.com.br/,No
C - Básico,https://www.treinaweb.com.br/,No
C - Intermediário,https://www.treinaweb.com.br/,No
C - Avançado,https://www.treinaweb.com.br/,No
C# (C Sharp) - Básico,https://www.treinaweb.com.br/,No
C# (C Sharp) - Intermediário,https://www.treinaweb.com.br/,No
C# (C Sharp) - Avançado,https://www.treinaweb.com.br/,No
C# (C Sharp) - ADO.NET - Avançado,https://www.treinaweb.com.br/,No
C# (C Sharp) - Apps para Windows 8 com XAML - Básico,https://www.treinaweb.com.br/,No
C# (C Sharp) - ASP.NET MVC - Avançado,https://www.treinaweb.com.br/,No
C# (C Sharp) - Entity e LINQ Framework - Avançado,https://www.treinaweb.com.br/,No
C# (C Sharp) - TDD - Avançado,https://www.treinaweb.com.br/,No
C# (C Sharp) - Web Forms (Módulo 1) - Avançado,https://www.treinaweb.com.br/,No
C# (C Sharp) - Web Forms (Módulo 2) - Avançado,https://www.treinaweb.com.br/,No
C# (C Sharp) - Windows Forms - Avançado,https://www.treinaweb.com.br/,No
C# (C Sharp) - WPF - Avançado,https://www.treinaweb.com.br/,No
C++ - Básico,https://www.treinaweb.com.br/,No
C++ - Intermediário,https://www.treinaweb.com.br/,No
C++ - Avançado,https://www.treinaweb.com.br/,No
CodeIgniter 2 - Completo,https://www.treinaweb.com.br/,No
CSS3 - Básico,https://www.treinaweb.com.br/,No
CSS3 - Design Responsivo - Avançado,https://www.treinaweb.com.br/,No
CSS3 - Less e Sass - Avançado,https://www.treinaweb.com.br/,No
DaVinci Resolve - Color Grading - Completo,https://www.treinaweb.com.br/,No
DaVinci Resolve - Edição - Completo,https://www.treinaweb.com.br/,No
DaVinci Resolve - Tratamento de cor para longa documental - Completo,https://www.treinaweb.com.br/,No
Delphi 10 Seattle - Básico,https://www.treinaweb.com.br/,No
Desenho Animado com Adobe After Effects - Completo,https://www.treinaweb.com.br/,No
Desenv. de Jogos 2D com Unity - Completo,https://www.treinaweb.com.br/,No
Desenv. de Jogos 2D com Unreal - Completo,https://www.treinaweb.com.br/,No
Desenv. de Jogos com LUA e Corona SDK - Básico,https://www.treinaweb.com.br/,No
Desenv. de Jogos com LUA e Corona SDK - Intermediário,https://www.treinaweb.com.br/,No
Desenv. de jogos RPG 2D com Unity - Completo,https://www.treinaweb.com.br/,No
Desenv. móvel p/ IOS com Swift - Básico,https://www.treinaweb.com.br/,No
Desenvolvimento Mobile Multiplataforma com Delphi - Completo,https://www.treinaweb.com.br/,No
Desenvolvimento web com HTML5 e CSS3 - Básico,https://www.treinaweb.com.br/,No
Django - Python Web Framework - Completo,https://www.treinaweb.com.br/,No
Drupal - Criação de Sites - Completo,https://www.treinaweb.com.br/,No
Efeitos de Partículas em Jogos com Unity - Completo,https://www.treinaweb.com.br/,No
Facebook Apps com HTML e JavaScript - Completo,https://www.treinaweb.com.br/,No
Facebook Marketing - Completo,https://www.treinaweb.com.br/,No
GDD - Game Design Document - Completo,https://www.treinaweb.com.br/,No
Grunt e Bower na Prática - Completo,https://www.treinaweb.com.br/,No
HTML5 - Desenv. de Jogos com JavaScript - Básico,https://www.treinaweb.com.br/,No
Identidade Visual - Completo,https://www.treinaweb.com.br/,No
Iluminação e Efeitos de Câmera em Jogos com Unity - Completo,https://www.treinaweb.com.br/,No
Introdução e projeto de Bancos de dados - Completo,https://www.treinaweb.com.br/,No
Java - Intermediário,https://www.treinaweb.com.br/,No
Java - Básico,https://www.treinaweb.com.br/,No
Java - Avançado,https://www.treinaweb.com.br/,No
Java - Desenv. de Jogos - Básico,https://www.treinaweb.com.br/,No
Java - Padrões de Projeto - Avançado,https://www.treinaweb.com.br/,No
Java Avançado - Spring MVC - Completo,https://www.treinaweb.com.br/,No
JavaScript - Básico,https://www.treinaweb.com.br/,No
JavaScript - Intermediário,https://www.treinaweb.com.br/,No
JavaScript - Avançado,https://www.treinaweb.com.br/,No
Joomla - Criação de Sites - Completo,https://www.treinaweb.com.br/,No
JQuery - Completo,https://www.treinaweb.com.br/,No
Laravel - Completo,https://www.treinaweb.com.br/,No
Lógica de Programação - Completo,https://www.treinaweb.com.br/,No
Lógica Orientada a Objetos - Completo,https://www.treinaweb.com.br/,No
Magento - Criação de Lojas Virtuais - Completo,https://www.treinaweb.com.br/,No
Microsoft Project - Básico,https://www.treinaweb.com.br/,No
Microsoft Project - Avançado,https://www.treinaweb.com.br/,No
Microsoft Project - Intermediário,https://www.treinaweb.com.br/,No
Motion Graphics com Adobe After Effects - Completo,https://www.treinaweb.com.br/,No
MySQL - Desenvolvedor,https://www.treinaweb.com.br/,No
MySQL - DBA,https://www.treinaweb.com.br/,No
Node.js - Completo,https://www.treinaweb.com.br/,No
Oracle - Desenvolvedor,https://www.treinaweb.com.br/,No
Oracle - DBA,https://www.treinaweb.com.br/,No
PhoneGap - Apache Cordova Mobile Framework - Completo,https://www.treinaweb.com.br/,No
PHP - Avançado,https://www.treinaweb.com.br/,No
PHP - Básico,https://www.treinaweb.com.br/,No
PHP - Intermediário,https://www.treinaweb.com.br/,No
PHP - Doctrine - Avançado,https://www.treinaweb.com.br/,No
PHP - MVC - Avançado,https://www.treinaweb.com.br/,No
PHP - Orientação a Objetos - Avançado,https://www.treinaweb.com.br/,No
PHP - Padrões de Projeto - Avançado,https://www.treinaweb.com.br/,No
PHP - Web Services - Avançado,https://www.treinaweb.com.br/,No
PostgreSQL - Desenvolvedor,https://www.treinaweb.com.br/,No
PostgreSQL - DBA,https://www.treinaweb.com.br/,No
Python - Básico,https://www.treinaweb.com.br/,No
Python - Intermediário,https://www.treinaweb.com.br/,No
RegEx - Expressões Regulares - Completo,https://www.treinaweb.com.br/,No
Ruby on Rails - Básico,https://www.treinaweb.com.br/,No
Ruby on Rails - Intermediário,https://www.treinaweb.com.br/,No
RUP - Rational Unified Process - Completo,https://www.treinaweb.com.br/,No
Scrum - Completo,https://www.treinaweb.com.br/,No
SEO - Search Engine Optimization - Completo,https://www.treinaweb.com.br/,No
Silex - Completo,https://www.treinaweb.com.br/,No
SQL Server - Desenvolvedor,https://www.treinaweb.com.br/,No
SQL Server - DBA,https://www.treinaweb.com.br/,No
Teste de Software - Básico,https://www.treinaweb.com.br/,No
Teste de Software - Intermediário,https://www.treinaweb.com.br/,No
Teste de Software - Avançado,https://www.treinaweb.com.br/,No
Tratamento Fotográfico com Lightroom e Photoshop - Básico,https://www.treinaweb.com.br/,No
Ubuntu Linux - Completo,https://www.treinaweb.com.br/,No
UML - Completo,https://www.treinaweb.com.br/,No
Unity 3D - Intermediário,https://www.treinaweb.com.br/,No
UX e Usabilidade - Básico,https://www.treinaweb.com.br/,No
VB .NET - Básico,https://www.treinaweb.com.br/,No
VB .NET - Intermediário,https://www.treinaweb.com.br/,No
VB .NET - Avançado,https://www.treinaweb.com.br/,No
VB .NET - ASP.NET MVC - Avançado,https://www.treinaweb.com.br/,No
VB .NET - Web Forms (Módulo 1) - Avançado,https://www.treinaweb.com.br/,No
VB .NET - Web Forms (Módulo 2) - Avançado,https://www.treinaweb.com.br/,No
VB .NET - Windows Forms - Avançado,https://www.treinaweb.com.br/,No
Windows Phone - Básico,https://www.treinaweb.com.br/,No
Windows Phone - Intermediário,https://www.treinaweb.com.br/,No
Windows Phone - Avançado,https://www.treinaweb.com.br/,No
WordPress - Criação de Sites - Completo,https://www.treinaweb.com.br/,No
WordPress - Desenv. de Plugins - Completo,https://www.treinaweb.com.br/,No
Wordpress - Desenv. de Temas - Completo,https://www.treinaweb.com.br/,No
XML e XSLT - Completo,https://www.treinaweb.com.br/,No
XP - Extreme Programming - Completo,https://www.treinaweb.com.br/,No